{
  "IcoMoonType": "selection",
  "icons": [
    {
      "icon": {
        "paths": [
          "M896 311.040v-21.333c0-23.564-19.103-42.667-42.667-42.667h-682.667c-23.564 0-42.667 19.103-42.667 42.667v21.333z",
          "M400.427 539.733c0 18.144-14.709 32.853-32.853 32.853s-32.853-14.709-32.853-32.853c0-18.144 14.709-32.853 32.853-32.853s32.853 14.709 32.853 32.853z",
          "M128 400.427v282.24c0 23.564 19.103 42.667 42.667 42.667h682.667c23.564 0 42.667-19.103 42.667-42.667v-282.24zM398.933 596.053c-5.486 9.342-11.052 17.355-17.154 24.918-3.042 4.926-8.068 8.915-14.017 10.868-5.522 0.054-10.642-6.986-14.695-11.253-5.801-7.178-11.368-15.192-16.341-23.597-11.382-16.974-18.945-36.122-21.768-56.778-0.077-29.793 23.514-53.385 52.616-53.385s52.693 23.592 52.693 52.693c-2.893 21.348-10.456 40.497-21.632 57.001zM695.253 596.053h-228.267v-21.547h228.267zM695.253 543.36h-228.267v-21.547h228.267z"
        ],
        "attrs": [
          {
            "fill": "rgb(204, 204, 204)"
          },
          {
            "fill": "rgb(204, 204, 204)"
          },
          {
            "fill": "rgb(204, 204, 204)"
          }
        ],
        "grid": 0,
        "tags": [
          "icon-creditcard"
        ],
        "isMulticolor": false,
        "isMulticolor2": false
      },
      "attrs": [
        {
          "fill": "rgb(204, 204, 204)"
        },
        {
          "fill": "rgb(204, 204, 204)"
        },
        {
          "fill": "rgb(204, 204, 204)"
        }
      ],
      "properties": {
        "order": 10,
        "id": 1,
        "name": "icon-creditcard",
        "prevSize": 32
      },
      "setIdx": 0,
      "setId": 3,
      "iconIdx": 4
    }
  ],
  "height": 1024,
  "preferences": {
    "showGlyphs": true,
    "showQuickUse": true,
    "showQuickUse2": true,
    "showSVGs": true,
    "fontPref": {
      "prefix": "icon-",
      "metadata": {
        "fontFamily": "icomoon"
      },
      "metrics": {
        "emSize": 1024,
        "baseline": 6.25,
        "whitespace": 50
      },
      "embed": false
    },
    "imagePref": {
      "prefix": "icon-",
      "png": false,
      "useClassSelector": true,
      "color": 0,
      "bgColor": 16777215,
      "classSelector": ".icon",
      "height": 32,
      "columns": 16,
      "margin": 16
    },
    "historySize": 100,
    "showCodes": true,
    "gridSize": 16
  }
}